id,sbd,started_ms,finished_ms,status,correct,cache_hit,error_code
vu-9,01000858,1791307445479,1791307445597,200,true,false,
vu-4,01000321,1791307445479,1791307445597,200,true,false,
vu-10,01000966,1791307445481,1791307445615,200,true,false,
vu-6,01000536,1791307445479,1791307445624,200,true,false,
vu-1,01000001,1791307445479,1791307445631,200,true,false,
vu-2,01000107,1791307445482,1791307445635,200,true,false,
vu-7,01000642,1791307445482,1791307445641,200,true,false,
vu-3,01000215,1791307445481,1791307445648,200,true,false,
vu-8,01000752,1791307445479,1791307445651,200,true,false,
vu-5,01000427,1791307445482,1791307445654,200,true,false,
