period,table,counter,delta
baselineToLastDuringBurst,public.exam_scores,seq_scan,0
baselineToLastDuringBurst,public.exam_scores,idx_scan,7240
baselineToLastDuringBurst,public.exam_scores,seq_tup_read,0
baselineToLastDuringBurst,public.exam_scores,idx_tup_fetch,7240
firstToLastDuringBurst,public.exam_scores,seq_scan,0
firstToLastDuringBurst,public.exam_scores,idx_scan,6699
firstToLastDuringBurst,public.exam_scores,seq_tup_read,0
firstToLastDuringBurst,public.exam_scores,idx_tup_fetch,6699
baselineToRecovery,public.exam_scores,seq_scan,0
baselineToRecovery,public.exam_scores,idx_scan,9510
baselineToRecovery,public.exam_scores,seq_tup_read,0
baselineToRecovery,public.exam_scores,idx_tup_fetch,9510
